{
  "n_pairs": 131,
  "tertile_size": 43,
  "L": 2.3782000877381133,
  "topk": 50,
  "de_threshold": 0.5,
  "sets": {
    "additive_control": {
      "n": 43,
      "na_mean": 0.40109332142573945,
      "na_range": [
        0.18499354114082867,
        0.5101580005163339
      ],
      "deov": {
        "model": {
          "mean": 0.5855813953488372,
          "ci": [
            0.5413953488372093,
            0.6283720930232558
          ]
        },
        "fitadd": {
          "mean": 0.6423255813953489,
          "ci": [
            0.6046511627906976,
            0.6786046511627906
          ]
        },
        "mean": {
          "mean": 0.6130232558139534,
          "ci": [
            0.5711627906976745,
            0.6544186046511627
          ]
        }
      },
      "acc": {
        "model": {
          "mean": 0.8623121570989655,
          "ci": [
            0.8499234938243115,
            0.8753453558624971
          ]
        },
        "fitadd": {
          "mean": 0.869852002343809,
          "ci": [
            0.8572589735174502,
            0.8834598548580926
          ]
        },
        "mean": {
          "mean": 0.8623121570989655,
          "ci": [
            0.8493810812871818,
            0.8756891941292272
          ]
        }
      }
    },
    "non_additive": {
      "n": 43,
      "na_mean": 0.7733231162907148,
      "na_range": [
        0.6686988290350419,
        0.9896163963832971
      ],
      "deov": {
        "model": {
          "mean": 0.3488372093023256,
          "ci": [
            0.3032441860465116,
            0.3962790697674418
          ]
        },
        "fitadd": {
          "mean": 0.37627906976744185,
          "ci": [
            0.3251162790697674,
            0.43023255813953487
          ]
        },
        "mean": {
          "mean": 0.37023255813953493,
          "ci": [
            0.31766279069767445,
            0.42186046511627906
          ]
        }
      },
      "acc": {
        "model": {
          "mean": 0.6983645261414189,
          "ci": [
            0.6807328495217502,
            0.7156085856566994
          ]
        },
        "fitadd": {
          "mean": 0.7024030773128422,
          "ci": [
            0.6840035504242555,
            0.719323262360299
          ]
        },
        "mean": {
          "mean": 0.6983645261414189,
          "ci": [
            0.6797545176523966,
            0.7145047931365787
          ]
        }
      }
    }
  },
  "verdict": {
    "model_beats_both_on_non_additive_separated": false,
    "model_advantage_on_additive_controls": false,
    "prereg_win": false
  }
}